State,GoodDays,Moderate Days,UnhealthyDays,Unhealthy for Sensitive Groups Days,Unhealthy Days,Very Unhealthy Days,Hazardous Days,Max AQI,90th Percentile AQI,Median AQI,Days CO,Days NO2,Days Ozone,Days PM2.5,Days PM10
Alabama,264,16,0,0,0,0,0,61,48,35,0,0,221,59,0
Alabama,101,9,0,0,0,0,0,67,47,27,0,0,0,110,0
Alabama,331,30,0,0,0,0,0,84,49,36,0,0,320,41,0
Alabama,238,3,0,0,0,0,0,87,44,32,0,0,241,0,0
Alabama,253,33,0,0,0,0,0,77,51,36,0,0,213,73,0
Alabama,174,186,5,3,2,0,0,179,77,51,0,1,83,280,1
Alabama,98,2,0,0,0,0,0,55,43,21,0,0,0,100,0
Alabama,269,86,2,2,0,0,0,105,58,41,0,0,119,225,13
Alabama,270,91,0,0,0,0,0,81,57,44,0,0,78,283,0
Alabama,294,60,0,0,0,0,0,93,55,37,0,0,151,203,0
Alabama,293,72,0,0,0,0,0,96,58,39,0,0,119,246,0
Alabama,285,76,3,3,0,0,0,142,60,38,0,0,103,261,0
Alabama,231,12,0,0,0,0,0,77,48,35,0,0,243,0,0
Alabama,338,17,0,0,0,0,0,68,45,29,0,0,166,189,0
Alabama,265,16,0,0,0,0,0,90,46,31,0,0,204,77,0
Alaska,118,0,0,0,0,0,0,38,22,10,0,0,0,118,0
Alaska,313,50,2,2,0,0,0,132,53,22,2,0,0,244,119
Alaska,360,3,0,0,0,0,0,74,41,33,0,0,361,2,0
Alaska,254,77,34,21,13,0,0,179,97,35,0,0,99,264,2
Alaska,331,26,0,0,0,0,0,88,42,15,0,0,0,350,7
Alaska,121,0,0,0,0,0,0,30,14,7,0,0,0,121,0
Alaska,323,28,3,2,1,0,0,160,47,12,0,0,0,281,73
Alaska,114,0,0,0,0,0,0,42,11,4,0,0,0,114,0
Arizona,355,4,0,0,0,0,0,88,29,14,0,0,0,41,318
Arizona,259,104,2,2,0,0,0,105,60,45,0,0,308,0,57
Arizona,268,97,0,0,0,0,0,93,64,45,0,0,360,5,0
Arizona,240,115,10,8,2,0,0,180,80,45,0,0,345,0,20
Arizona,257,104,1,0,1,0,0,187,71,45,0,0,357,1,4
Arizona,15,125,225,91,61,73,0,272,213,122,0,1,298,18,48
Arizona,360,2,1,0,1,0,0,156,34,19,0,0,0,0,363
Arizona,293,71,1,1,0,0,0,101,61,44,0,0,338,1,26
Arizona,143,208,14,13,0,0,1,315,85,53,0,0,200,58,107
Arizona,80,240,45,44,1,0,0,166,105,69,0,0,153,20,192
Arizona,216,142,2,1,1,0,0,166,70,43,0,0,0,218,142
Arizona,302,29,0,0,0,0,0,64,50,44,0,0,331,0,0
Arizona,231,128,6,5,1,0,0,170,71,46,0,0,229,71,65
Arkansas,106,14,0,0,0,0,0,73,52,30,0,0,0,120,0
Arkansas,104,16,0,0,0,0,0,61,53,31,0,0,0,120,0
Arkansas,328,10,0,0,0,0,0,90,45,32,0,0,338,0,0
Arkansas,294,67,4,4,0,0,0,122,58,40,0,7,196,162,0
Arkansas,96,24,0,0,0,0,0,77,55,34,0,0,0,120,0
Arkansas,101,19,0,0,0,0,0,84,55,29,0,0,0,120,0
Arkansas,347,18,0,0,0,0,0,74,47,36,0,0,349,16,0
Arkansas,319,41,0,0,0,0,0,92,53,38,0,0,311,49,0
Arkansas,213,150,2,2,0,0,0,112,70,47,0,6,102,257,0
Arkansas,92,24,0,0,0,0,0,71,54,36,0,0,0,116,0
Arkansas,269,95,1,1,0,0,0,119,62,41,0,0,209,156,0
California,223,132,10,9,1,0,0,151,68,45,0,8,177,180,0
California,307,54,4,4,0,0,0,133,67,37,0,0,365,0,0
California,198,136,31,18,11,2,0,233,90,48,0,0,222,140,3
California,264,91,9,6,3,0,0,171,76,44,0,0,257,107,0
California,209,140,16,9,7,0,0,199,73,46,0,0,81,265,19
California,255,105,5,5,0,0,0,150,67,42,0,0,217,148,0
California,303,20,0,0,0,0,0,69,45,23,0,0,0,323,0
California,248,95,22,16,4,1,1,385,93,43,0,0,352,6,7
California,102,181,82,63,18,1,0,278,130,67,0,1,186,161,17
California,282,68,15,9,6,0,0,181,61,39,0,0,235,114,16
California,353,12,0,0,0,0,0,60,40,28,12,0,234,60,59
California,113,223,29,22,4,1,2,442,97,58,0,1,161,65,138
California,131,191,43,25,13,2,3,552,115,58,0,0,181,153,31
California,65,172,128,97,29,1,1,316,147,84,0,0,185,159,21
California,113,201,51,40,10,0,1,666,109,61,0,0,139,139,87
California,350,5,1,0,1,0,0,156,43,33,0,0,341,13,2
California,39,229,97,70,26,1,0,281,143,77,0,24,166,168,7
California,157,173,35,28,7,0,0,194,100,56,0,0,237,103,25
California,313,52,0,0,0,0,0,87,54,34,0,6,205,154,0
California,212,121,32,25,7,0,0,161,97,47,0,0,327,38,0
California,273,84,8,6,2,0,0,176,65,38,0,0,144,220,1
California,184,148,33,31,2,0,0,162,100,50,0,0,247,113,5
California,279,59,26,12,11,0,3,2723,82,21,0,0,0,228,136
California,321,44,0,0,0,0,0,80,52,37,0,0,239,108,18
California,127,13,0,0,0,0,0,77,50,38,1,0,101,38,0
California,221,91,53,34,15,4,0,288,115,45,0,0,240,125,0
California,201,146,18,18,0,0,0,148,86,49,0,10,210,140,5
California,165,152,48,30,11,5,2,448,115,54,0,0,261,102,2
California,123,158,84,37,26,14,7,436,165,63,0,0,0,365,0
California,42,187,136,89,44,2,1,332,158,87,0,0,209,105,51
California,189,140,36,30,5,0,1,316,100,50,0,0,241,120,4
California,320,45,0,0,0,0,0,100,54,40,0,0,338,20,7
California,42,177,146,73,61,11,1,487,172,87,0,16,215,119,15
California,98,251,16,16,0,0,0,133,90,64,0,4,217,141,3
California,310,55,0,0,0,0,0,84,55,36,0,13,212,140,0
California,178,171,16,15,1,0,0,153,84,51,0,0,170,165,30
California,209,148,8,8,0,0,0,133,77,48,0,0,246,92,27
California,329,36,0,0,0,0,0,89,50,33,0,9,247,109,0
California,300,64,1,1,0,0,0,101,55,41,0,0,278,84,3
California,228,130,7,7,0,0,0,147,71,44,0,1,178,186,0
California,339,26,0,0,0,0,0,77,47,34,0,0,256,109,0
California,234,99,32,15,15,2,0,216,93,45,0,0,297,68,0
California,270,63,31,7,24,0,0,192,84,40,0,0,219,145,0
California,267,95,3,3,0,0,0,126,62,40,0,1,239,124,1
California,321,44,0,0,0,0,0,88,52,33,0,0,217,137,11
California,136,182,47,42,5,0,0,172,105,58,0,0,193,157,15
California,165,177,22,17,5,0,0,169,90,54,0,0,149,214,1
California,235,94,36,21,15,0,0,182,100,44,0,0,286,79,0
California,233,49,46,4,23,7,12,622,164,29,0,0,0,328,0
California,78,153,134,93,39,1,1,537,153,80,0,0,205,151,9
California,295,63,2,2,0,0,0,136,61,41,0,0,360,0,0
California,208,147,10,10,0,0,0,122,78,48,0,0,278,75,12
California,273,86,6,4,2,0,0,157,64,39,0,0,269,95,1
Colorado,206,136,23,22,1,0,0,151,93,48,0,56,198,42,69
Colorado,117,2,1,1,0,0,0,109,26,9,0,0,0,120,0
Colorado,222,106,37,34,3,0,0,161,101,46,0,0,356,9,0
Colorado,269,96,0,0,0,0,0,93,64,45,0,0,345,0,20
Colorado,204,126,35,32,3,0,0,159,100,48,0,0,273,90,2
Colorado,219,128,10,10,0,0,0,133,77,48,0,0,357,0,0
Colorado,301,62,2,2,0,0,0,141,56,42,0,0,332,26,7
Colorado,161,169,35,31,4,0,0,166,100,52,0,125,168,72,0
Colorado,215,101,42,34,8,0,0,177,108,47,0,0,310,48,0
Colorado,236,101,28,28,0,0,0,140,93,47,0,0,347,18,0
Colorado,85,1,0,0,0,0,0,62,28,15,0,0,0,0,86
Colorado,230,130,5,4,1,0,0,156,74,47,0,0,351,14,0
Colorado,250,94,19,18,1,0,0,151,84,46,0,0,363,0,0
Colorado,271,92,0,0,0,0,0,93,64,45,0,0,363,0,0
Colorado,110,6,0,0,0,0,0,89,33,5,0,0,0,116,0
Colorado,222,88,55,44,11,0,0,172,115,47,0,2,363,0,0
Colorado,249,111,4,4,0,0,0,140,71,47,1,0,349,14,0
Colorado,197,133,35,32,3,0,0,156,100,50,0,0,332,33,0
Colorado,278,85,2,2,0,0,0,139,64,44,0,0,310,55,0
Colorado,281,82,2,2,0,0,0,115,64,44,0,0,364,1,0
Colorado,117,5,0,0,0,0,0,88,32,12,0,0,0,33,89
Colorado,345,14,2,1,0,0,1,576,39,19,0,0,0,0,361
Colorado,208,11,1,1,0,0,0,138,38,21,0,0,0,66,154
Colorado,251,109,5,4,1,0,0,155,77,45,0,0,333,32,0
Colorado,347,7,0,0,0,0,0,68,31,15,0,0,0,0,354
Colorado,117,2,0,0,0,0,0,76,25,7,0,0,0,119,0
Colorado,115,2,0,0,0,0,0,52,29,14,0,0,0,0,117
Colorado,199,132,34,33,1,0,0,154,100,49,0,1,287,77,0
Connecticut,277,67,19,13,6,0,0,185,71,42,0,24,176,163,0
Connecticut,296,66,3,3,0,0,0,136,58,37,0,22,209,134,0
Connecticut,320,41,3,3,0,0,0,142,54,37,1,0,305,58,0
Connecticut,171,25,11,10,1,0,0,151,80,39,0,0,207,0,0
Connecticut,281,70,14,12,2,0,0,159,66,40,0,19,204,137,5
Connecticut,311,45,7,7,0,0,0,129,55,36,0,0,179,184,0
Connecticut,170,30,1,1,0,0,0,101,58,39,0,0,201,0,0
Connecticut,331,29,1,1,0,0,0,140,48,34,0,0,361,0,0
Country Of Mexico,48,251,66,41,25,0,0,178,134,65,0,0,0,365,0
Country Of Mexico,100,5,0,0,0,0,0,61,47,34,0,0,105,0,0
Delaware,308,50,2,2,0,0,0,108,54,38,0,0,260,100,0
Delaware,262,99,4,4,0,0,0,144,64,43,0,5,216,144,0
Delaware,321,44,0,0,0,0,0,100,52,38,0,0,275,90,0
District Of Columbia,252,105,8,7,1,0,0,153,68,44,0,35,175,155,0
Florida,350,14,0,0,0,0,0,84,46,34,0,0,230,134,0
Florida,330,35,0,0,0,0,0,87,50,35,0,0,206,159,0
Florida,324,41,0,0,0,0,0,76,51,39,0,0,178,187,0
Florida,320,45,0,0,0,0,0,82,52,40,0,0,217,148,0
Florida,280,84,1,1,0,0,0,103,57,42,0,10,152,203,0
Florida,326,34,0,0,0,0,0,81,50,33,0,0,0,360,0
Florida,330,33,0,0,0,0,0,79,50,36,0,0,190,173,0
Florida,322,42,0,0,0,0,0,77,51,37,0,0,168,196,0
Florida,274,91,0,0,0,0,0,93,58,43,0,0,128,237,0
Florida,297,68,0,0,0,0,0,72,55,41,0,0,172,193,0
Florida,344,9,0,0,0,0,0,67,44,33,0,0,353,0,0
Florida,297,39,0,0,0,0,0,65,51,35,0,0,0,336,0
Florida,344,14,0,0,0,0,0,93,46,33,0,0,358,0,0
Florida,276,88,1,1,0,0,0,129,60,44,0,0,173,190,2
Florida,313,49,0,0,0,0,0,71,52,38,0,0,126,236,0
Florida,345,15,0,0,0,0,0,74,47,36,0,0,360,0,0
Florida,338,18,0,0,0,0,0,87,48,34,0,0,356,0,0
Florida,332,33,0,0,0,0,0,97,50,36,0,0,241,120,4
Florida,300,65,0,0,0,0,0,77,55,39,0,0,136,229,0
Florida,358,6,0,0,0,0,0,61,44,32,0,0,364,0,0
Florida,355,10,0,0,0,0,0,93,45,32,0,0,365,0,0
Florida,320,44,1,1,0,0,0,101,51,37,0,0,242,123,0
Florida,325,40,0,0,0,0,0,87,51,38,0,0,179,186,0
Florida,299,64,2,2,0,0,0,135,59,41,0,32,152,181,0
Florida,359,6,0,0,0,0,0,61,44,33,0,0,357,0,8
Florida,331,34,0,0,0,0,0,87,50,35,0,0,292,66,7
Florida,339,16,0,0,0,0,0,93,46,33,0,0,355,0,0
Florida,333,32,0,0,0,0,0,81,50,38,0,0,208,157,0
Florida,346,19,0,0,0,0,0,87,47,35,0,0,365,0,0
Florida,305,60,0,0,0,0,0,94,55,40,0,0,204,160,1
Florida,314,51,0,0,0,0,0,84,53,39,0,0,187,178,0
Florida,340,0,0,0,0,0,0,46,28,16,0,0,0,0,340
Florida,324,40,0,0,0,0,0,76,51,38,0,0,211,153,0
Florida,317,48,0,0,0,0,0,90,54,39,0,0,195,170,0
Florida,327,38,0,0,0,0,0,97,51,37,0,0,239,126,0
Florida,353,10,0,0,0,0,0,74,45,33,0,0,363,0,0
Florida,314,49,0,0,0,0,0,77,53,40,0,0,197,166,0
Florida,340,25,0,0,0,0,0,78,48,35,2,0,209,154,0
Georgia,274,89,2,2,0,0,0,131,62,40,0,0,113,252,0
Georgia,121,0,0,0,0,0,0,48,30,19,0,0,0,121,0
Georgia,275,87,1,1,0,0,0,103,59,41,0,0,89,274,0
Georgia,238,7,0,0,0,0,0,80,45,33,0,0,245,0,0
Georgia,262,102,1,1,0,0,0,107,61,41,0,0,120,245,0
Georgia,97,24,0,0,0,0,0,71,57,33,0,0,0,121,0
Georgia,251,34,0,0,0,0,0,80,52,39,0,0,212,73,0
Georgia,112,6,0,0,0,0,0,65,43,26,0,0,0,118,0
Georgia,239,6,0,0,0,0,0,67,46,33,0,0,245,0,0
Georgia,230,15,0,0,0,0,0,87,47,36,0,0,245,0,0
Georgia,268,95,2,2,0,0,0,119,61,41,0,37,117,211,0
Georgia,263,85,4,4,0,0,0,133,65,39,0,0,0,352,0
Georgia,215,27,2,2,0,0,0,101,58,38,0,0,244,0,0
Georgia,295,57,2,2,0,0,0,141,57,29,0,0,0,354,0
Georgia,224,137,4,4,0,0,0,150,67,44,0,11,94,260,0
Georgia,298,24,0,0,0,0,0,77,48,34,0,0,213,109,0
Georgia,230,92,2,2,0,0,0,108,63,42,0,0,129,195,0
Georgia,291,74,0,0,0,0,0,81,57,34,0,0,0,365,0
Georgia,296,63,1,1,0,0,0,112,58,35,0,0,176,184,0
Georgia,273,82,4,4,0,0,0,111,61,37,0,0,0,359,0
Georgia,293,65,0,0,0,0,0,84,55,35,0,0,0,358,0
Georgia,242,34,0,0,0,0,0,87,51,37,0,0,234,42,0
Georgia,284,67,2,1,1,0,0,154,58,36,0,0,147,206,0
Georgia,326,26,0,0,0,0,0,80,49,36,0,0,352,0,0
Georgia,235,122,7,7,0,0,0,145,66,43,0,0,115,248,1
Georgia,216,27,0,0,0,0,0,93,54,39,0,0,243,0,0
Georgia,228,17,0,0,0,0,0,74,49,35,0,0,245,0,0
Georgia,150,82,1,1,0,0,0,110,64,43,0,0,0,233,0
Georgia,263,99,3,3,0,0,0,111,65,38,0,0,0,365,0
Hawaii,358,7,0,0,0,0,0,60,36,19,0,0,0,365,0
Hawaii,364,1,0,0,0,0,0,52,38,26,1,3,306,42,13
Hawaii,364,0,0,0,0,0,0,35,22,13,0,50,0,314,0
Hawaii,362,1,0,0,0,0,0,58,23,15,0,0,0,363,0
Idaho,251,96,18,15,3,0,0,168,77,43,0,13,244,106,2
Idaho,261,96,8,7,1,0,0,154,74,41,0,0,119,153,93
Idaho,249,101,14,7,7,0,0,185,70,38,0,0,0,364,0
Idaho,305,35,10,10,0,0,0,144,61,18,0,0,0,350,0
Idaho,258,95,12,10,2,0,0,159,68,37,0,0,0,365,0
Idaho,303,51,10,4,6,0,0,188,58,28,0,0,0,295,69
Idaho,306,41,9,9,0,0,0,144,63,23,0,0,0,356,0
Idaho,291,69,3,3,0,0,0,128,67,42,0,0,351,12,0
Idaho,266,90,9,5,4,0,0,166,67,36,0,0,0,317,48
Idaho,98,12,0,0,0,0,0,98,51,6,0,0,0,110,0
Idaho,304,55,6,6,0,0,0,119,61,21,0,0,0,365,0
Idaho,280,69,16,9,7,0,0,178,74,40,0,0,226,139,0
Idaho,310,39,8,3,5,0,0,184,55,23,0,0,0,357,0
Idaho,321,29,10,5,5,0,0,184,51,15,0,0,0,360,0
Idaho,236,109,20,16,4,0,0,167,81,35,0,0,0,365,0
Idaho,288,59,18,15,3,0,0,188,74,26,0,0,0,365,0
Idaho,245,103,15,9,6,0,0,172,71,37,0,0,0,359,4
Idaho,314,40,7,7,0,0,0,144,56,21,0,0,0,361,0
Idaho,254,88,9,7,2,0,0,159,68,30,0,0,0,351,0
Illinois,219,23,0,0,0,0,0,93,50,40,0,0,242,0,0
Illinois,289,76,0,0,0,0,0,99,60,38,0,0,220,145,0
Illinois,344,19,0,0,0,0,0,84,46,34,0,0,363,0,0
Illinois,153,191,21,20,1,0,0,156,88,54,0,26,115,189,35
Illinois,241,122,2,2,0,0,0,105,65,44,0,0,151,214,0
Illinois,226,11,0,0,0,0,0,77,46,37,0,0,237,0,0
Illinois,280,82,2,2,0,0,0,115,61,40,0,0,152,212,0
Illinois,287,71,2,2,0,0,0,112,56,40,0,0,175,185,0
Illinois,336,26,0,0,0,0,0,97,47,36,0,0,362,0,0
Illinois,211,73,1,1,0,0,0,112,66,42,0,0,205,80,0
Illinois,180,55,9,9,0,0,0,136,77,42,0,0,244,0,0
Illinois,257,101,3,3,0,0,0,112,64,43,0,0,149,212,0
Illinois,339,19,0,0,0,0,0,93,48,31,0,131,227,0,0
Illinois,180,179,6,6,0,0,0,143,72,51,0,0,118,246,1
Illinois,253,108,2,2,0,0,0,105,64,42,0,0,174,189,0
Illinois,271,93,1,1,0,0,0,107,59,41,0,0,148,217,0
Illinois,251,109,1,1,0,0,0,101,62,43,0,0,155,206,0
Illinois,286,68,1,1,0,0,0,122,58,40,0,0,177,178,0
Illinois,264,94,3,3,0,0,0,112,63,43,0,0,149,212,0
Illinois,232,130,3,2,1,0,0,185,64,44,0,8,95,262,0
Illinois,292,70,0,0,0,0,0,97,57,38,0,0,156,206,0
Illinois,232,131,2,2,0,0,0,105,64,44,0,0,138,227,0
Illinois,248,112,0,0,0,0,0,100,65,43,0,0,164,196,0
Indiana,293,72,0,0,0,0,0,100,59,37,0,0,276,89,0
Indiana,303,61,0,0,0,0,0,93,56,38,0,0,238,126,0
Indiana,337,27,1,1,0,0,0,101,48,33,0,0,365,0,0
Indiana,341,20,0,0,0,0,0,84,46,33,0,0,361,0,0
Indiana,338,26,1,1,0,0,0,105,48,34,0,0,365,0,0
Indiana,242,123,0,0,0,0,0,96,67,43,0,0,137,228,0
Indiana,317,45,0,0,0,0,0,97,53,36,0,0,313,49,0
Indiana,99,26,0,0,0,0,0,93,59,33,0,0,0,119,6
Indiana,275,90,0,0,0,0,0,87,58,39,0,0,212,153,0
Indiana,340,23,0,0,0,0,0,100,48,34,0,0,363,0,0
Indiana,305,51,0,0,0,0,0,100,54,37,0,0,306,50,0
Indiana,278,87,0,0,0,0,0,100,63,39,0,0,221,144,0
Indiana,347,18,0,0,0,0,0,80,46,33,0,0,365,0,0
Indiana,98,19,0,0,0,0,0,79,57,28,0,0,0,117,0
Indiana,283,76,2,2,0,0,0,105,59,40,0,0,227,134,0
Indiana,320,38,2,2,0,0,0,108,51,36,0,0,360,0,0
Indiana,296,64,5,5,0,0,0,143,62,37,0,0,332,33,0
Indiana,209,150,6,5,1,0,0,169,71,47,0,11,111,237,6
Indiana,260,104,0,0,0,0,0,97,64,43,0,0,187,177,0
Indiana,159,200,6,6,0,0,0,114,79,53,0,10,77,278,0
Indiana,296,56,0,0,0,0,0,95,56,33,0,0,0,352,0
Indiana,334,29,0,0,0,0,0,97,50,36,0,0,363,0,0
Indiana,269,89,7,7,0,0,0,136,66,40,0,0,211,142,12
Indiana,344,16,0,0,0,0,0,77,45,32,0,0,360,0,0
Indiana,345,20,0,0,0,0,0,100,46,33,0,0,365,0,0
Indiana,96,24,0,0,0,0,0,87,57,31,0,0,0,120,0
Indiana,225,139,1,1,0,0,0,105,67,45,0,1,165,199,0
Indiana,288,61,0,0,0,0,0,97,57,33,0,0,0,349,0
Indiana,259,105,1,1,0,0,0,109,64,42,0,0,154,211,0
Indiana,255,110,0,0,0,0,0,99,64,42,0,0,160,205,0
Indiana,327,34,1,1,0,0,0,101,50,35,0,0,362,0,0
Indiana,337,27,1,1,0,0,0,105,48,35,0,0,365,0,0
Indiana,276,85,0,0,0,0,0,96,59,35,0,0,0,361,0
Iowa,292,73,0,0,0,0,0,96,58,35,0,0,0,365,0
Iowa,223,21,0,0,0,0,0,90,49,40,0,0,244,0,0
Iowa,118,2,0,0,0,0,0,56,31,19,0,0,0,0,120
Iowa,204,159,2,2,0,0,0,112,66,47,0,0,117,248,0
Iowa,216,27,0,0,0,0,0,87,54,39,0,0,243,0,0
Iowa,255,107,2,2,0,0,0,121,62,39,0,0,0,364,0
Iowa,81,20,0,0,0,0,0,69,58,32,0,0,0,101,0
Iowa,235,126,4,4,0,0,0,123,66,44,0,0,128,236,1
Iowa,302,48,1,1,0,0,0,112,54,37,0,0,168,183,0
Iowa,290,75,0,0,0,0,0,88,58,34,0,0,0,363,2
Iowa,288,70,4,2,2,0,0,162,59,39,0,0,182,180,0
Iowa,284,80,1,1,0,0,0,110,61,40,0,13,158,189,5
Iowa,100,23,1,1,0,0,0,117,57,33,0,0,0,120,4
Iowa,207,157,1,1,0,0,0,102,66,48,0,0,115,173,77
Iowa,297,65,0,0,0,0,0,93,55,39,0,0,153,207,2
Iowa,94,20,1,0,1,0,0,163,59,31,0,0,0,115,0
Kansas,113,7,0,0,0,0,0,99,41,20,0,0,0,120,0
Kansas,353,5,0,0,0,0,0,80,32,17,0,0,0,0,358
Kansas,275,85,4,4,0,0,0,138,62,40,0,0,190,173,1
Kansas,330,16,2,2,0,0,0,126,47,34,0,0,348,0,0
Kansas,251,109,2,2,0,0,0,145,62,42,0,0,158,185,19
Kansas,274,86,5,5,0,0,0,141,64,43,0,10,228,114,13
Kansas,263,99,3,2,1,0,0,151,63,42,0,0,178,181,6
Kansas,308,11,1,0,0,1,0,221,38,17,0,0,0,0,320
Kansas,237,124,4,4,0,0,0,147,65,44,0,0,137,200,28
Kansas,284,72,6,5,0,0,1,320,62,42,0,2,288,62,10
Kansas,242,116,7,7,0,0,0,145,65,44,0,2,137,221,5
Kentucky,252,110,2,2,0,0,0,112,64,43,0,0,100,264,0
Kentucky,225,19,0,0,0,0,0,90,49,39,0,0,244,0,0
Kentucky,294,65,1,1,0,0,0,102,58,37,0,11,132,217,0
Kentucky,212,24,1,1,0,0,0,143,51,37,0,0,237,0,0
Kentucky,288,73,1,1,0,0,0,101,60,38,0,4,154,204,0
Kentucky,262,17,0,0,0,0,0,84,48,34,0,0,223,54,2
Kentucky,261,104,0,0,0,0,0,99,63,42,0,0,118,247,0
Kentucky,264,99,0,0,0,0,0,99,65,41,0,1,146,216,0
Kentucky,338,26,0,0,0,0,0,74,48,35,3,0,343,18,0
Kentucky,281,81,1,1,0,0,0,108,62,38,0,20,112,230,1
Kentucky,227,4,0,0,0,0,0,54,46,34,0,0,231,0,0
Kentucky,220,21,0,0,0,0,0,90,49,38,0,0,241,0,0
Kentucky,296,67,1,1,0,0,0,101,58,38,0,0,181,183,0
Kentucky,225,134,6,6,0,0,0,126,71,45,0,8,142,215,0
Kentucky,211,15,1,1,0,0,0,101,49,38,0,0,227,0,0
Kentucky,225,18,0,0,0,0,0,93,48,39,0,0,243,0,0
Kentucky,278,84,2,2,0,0,0,109,60,39,0,1,142,221,0
Kentucky,338,14,0,0,0,0,0,71,47,35,0,0,352,0,0
Kentucky,216,27,1,1,0,0,0,105,54,39,0,0,244,0,0
Kentucky,309,56,0,0,0,0,0,92,55,36,0,0,132,233,0
Kentucky,321,43,1,0,1,0,0,161,52,35,0,0,144,221,0
Kentucky,294,66,1,1,0,0,0,101,58,39,0,0,147,214,0
Kentucky,222,21,0,0,0,0,0,90,50,37,0,0,243,0,0
Kentucky,330,15,0,0,0,0,0,74,48,35,0,0,345,0,0
Kentucky,283,78,2,2,0,0,0,117,60,38,0,0,134,229,0
Kentucky,342,20,0,0,0,0,0,87,47,36,0,0,362,0,0
Louisiana,338,16,2,1,1,0,0,159,45,31,0,10,346,0,0
Louisiana,268,97,0,0,0,0,0,87,61,41,0,0,131,227,7
Louisiana,321,41,0,0,0,0,0,93,52,36,0,0,293,69,0
Louisiana,260,104,1,0,1,0,0,156,61,43,0,2,150,213,0
Louisiana,299,63,3,2,1,0,0,159,56,38,0,2,172,191,0
Louisiana,316,46,3,3,0,0,0,129,54,38,0,0,332,33,0
Louisiana,324,29,2,2,0,0,0,105,49,36,0,1,235,119,0
Louisiana,302,63,0,0,0,0,0,87,55,37,0,0,211,153,1
Louisiana,280,67,0,0,0,0,0,84,54,38,0,0,165,182,0
Louisiana,267,80,1,1,0,0,0,133,58,41,0,6,133,209,0
Louisiana,343,14,0,0,0,0,0,65,42,27,2,107,0,235,13
Louisiana,330,19,0,0,0,0,0,87,46,34,0,0,309,40,0
Louisiana,353,12,0,0,0,0,0,100,44,32,0,0,365,0,0
Louisiana,111,11,0,0,0,0,0,62,46,28,0,0,0,122,0
Louisiana,286,73,0,0,0,0,0,80,56,41,0,0,176,179,4
Louisiana,326,4,0,0,0,0,0,58,41,28,0,0,330,0,0
Louisiana,327,8,1,1,0,0,0,108,45,31,0,0,336,0,0
Louisiana,347,13,0,0,0,0,0,87,47,34,0,0,360,0,0
Louisiana,324,28,0,0,0,0,0,71,46,33,0,0,231,121,0
Louisiana,95,15,0,0,0,0,0,60,53,29,0,0,0,110,0
Louisiana,102,8,0,0,0,0,0,60,48,26,0,0,0,110,0
Louisiana,305,57,3,3,0,0,0,150,54,38,0,1,168,196,0
Maine,332,24,0,0,0,0,0,94,46,30,0,0,163,189,4
Maine,341,22,2,1,1,0,0,174,47,33,0,0,254,101,10
Maine,338,24,3,3,0,0,0,129,48,35,0,10,309,42,4
Maine,336,26,3,3,0,0,0,133,49,36,1,0,348,16,0
Maine,234,9,1,1,0,0,0,125,44,33,0,0,211,31,2
Maine,192,17,2,2,0,0,0,119,50,35,0,0,211,0,0
Maine,335,24,1,1,0,0,0,113,46,32,0,0,207,153,0
Maine,337,25,0,0,0,0,0,100,47,30,0,0,205,153,4
Maine,351,9,0,0,0,0,0,90,44,33,0,0,352,8,0
Maine,217,20,3,3,0,0,0,129,50,37,0,0,240,0,0
Maryland,222,39,1,1,0,0,0,101,64,38,0,0,240,0,22
Maryland,274,81,10,10,0,0,0,140,71,43,0,17,238,110,0
Maryland,302,62,0,0,0,0,0,93,57,38,0,73,132,159,0
Maryland,205,17,1,1,0,0,0,105,49,39,0,0,223,0,0
Maryland,208,34,1,1,0,0,0,112,54,41,0,0,243,0,0
Maryland,283,71,4,4,0,0,0,118,61,40,0,0,203,155,0
Maryland,215,26,1,1,0,0,0,105,51,38,0,0,242,0,0
Maryland,318,46,1,1,0,0,0,105,54,39,0,0,309,56,0
Maryland,207,36,1,1,0,0,0,126,58,41,0,0,244,0,0
Maryland,330,35,0,0,0,0,0,91,50,37,0,0,326,39,0
Maryland,268,80,9,9,0,0,0,122,71,42,0,0,213,144,0
Maryland,334,31,0,0,0,0,0,81,48,31,0,186,0,179,0
Maryland,308,48,1,1,0,0,0,108,54,37,0,0,231,126,0
Maryland,296,62,3,3,0,0,0,119,58,39,0,0,223,138,0
Maryland,302,58,5,5,0,0,0,129,64,39,0,7,319,39,0
Maryland,284,75,1,1,0,0,0,115,61,40,0,0,202,158,0
Massachusetts,332,24,3,3,0,0,0,126,48,36,0,0,352,7,0
Massachusetts,302,62,1,1,0,0,0,103,55,37,0,0,187,178,0
Massachusetts,324,39,2,2,0,0,0,147,51,38,0,0,296,69,0
Massachusetts,336,20,0,0,0,0,0,100,48,36,0,0,345,11,0
Massachusetts,324,40,1,1,0,0,0,129,51,35,0,1,278,86,0
Massachusetts,297,68,0,0,0,0,0,98,55,36,0,0,171,194,0
Massachusetts,287,76,2,2,0,0,0,116,58,39,0,7,174,184,0
Massachusetts,326,26,0,0,0,0,0,95,47,33,0,1,259,91,1
Massachusetts,338,25,2,1,1,0,0,153,49,33,0,17,235,113,0
Massachusetts,320,42,3,3,0,0,0,133,53,35,0,4,275,86,0
Massachusetts,310,53,2,2,0,0,0,112,53,37,0,0,235,130,0
Massachusetts,305,57,3,3,0,0,0,145,56,36,0,41,138,186,0
Massachusetts,304,58,3,3,0,0,0,125,54,39,0,10,195,159,1
Michigan,281,71,9,9,0,0,0,136,62,38,0,0,209,152,0
Michigan,328,35,0,0,0,0,0,84,50,21,0,0,0,363,0
Michigan,222,29,0,0,0,0,0,100,51,36,0,0,251,0,0
Michigan,209,38,3,3,0,0,0,129,67,40,0,0,250,0,0
Michigan,235,29,1,1,0,0,0,112,54,40,0,0,265,0,0
Michigan,217,22,0,0,0,0,0,100,50,37,0,0,239,0,0
Michigan,291,71,3,3,0,0,0,119,57,39,0,0,208,157,0
Michigan,221,23,2,2,0,0,0,101,51,37,0,0,246,0,0
Michigan,259,104,0,0,0,0,0,97,64,40,0,4,182,177,0
Michigan,233,116,0,0,0,0,0,100,66,42,0,0,137,212,0
Michigan,236,126,3,3,0,0,0,143,68,42,0,7,180,178,0
Michigan,111,6,0,0,0,0,0,63,31,10,0,0,0,117,0
Michigan,246,76,0,0,0,0,0,93,61,40,0,0,171,151,0
Michigan,241,121,3,3,0,0,0,115,67,43,0,0,181,184,0
Michigan,221,45,3,3,0,0,0,115,58,38,0,0,244,25,0
Michigan,206,34,3,3,0,0,0,115,54,38,0,0,243,0,0
Michigan,283,72,0,0,0,0,0,90,58,39,0,0,207,148,0
Michigan,57,4,0,0,0,0,0,77,45,19,0,0,0,0,61
Michigan,209,48,8,8,0,0,0,129,71,40,0,0,265,0,0
Michigan,244,51,1,1,0,0,0,101,61,38,0,0,249,47,0
Michigan,234,127,4,4,0,0,0,108,67,44,0,0,164,201,0
Michigan,314,43,3,3,0,0,0,112,55,35,0,0,221,139,0
Michigan,254,104,7,7,0,0,0,140,67,40,0,0,177,188,0
Michigan,327,25,1,1,0,0,0,101,48,34,0,0,353,0,0
Michigan,278,87,0,0,0,0,0,100,61,40,0,0,228,137,0
Michigan,154,207,4,4,0,0,0,118,82,53,0,12,75,276,2
Michigan,334,25,1,1,0,0,0,105,47,34,0,0,360,0,0
Minnesota,280,78,7,5,2,0,0,159,66,39,0,13,255,95,2
Minnesota,252,94,11,6,5,0,0,191,69,43,0,0,64,293,0
Minnesota,298,34,9,5,3,1,0,259,56,22,0,0,0,341,0
Minnesota,329,32,4,4,0,0,0,143,50,31,0,0,200,165,0
Minnesota,241,99,12,7,4,1,0,251,65,44,0,0,0,352,0
Minnesota,313,11,4,3,1,0,0,153,27,7,0,0,0,328,0
Minnesota,305,47,5,2,2,1,0,222,61,33,0,0,195,162,0
Minnesota,303,59,3,1,2,0,0,155,58,30,0,50,0,315,0
Minnesota,193,23,0,0,0,0,0,90,58,39,0,0,216,0,0
Minnesota,263,99,3,0,3,0,0,155,64,39,0,28,116,164,57
Minnesota,327,31,4,3,1,0,0,158,50,29,0,0,197,165,0
Minnesota,289,65,5,3,2,0,0,177,61,38,0,0,194,165,0
Minnesota,232,13,0,0,0,0,0,71,47,36,0,0,245,0,0
Minnesota,301,58,2,2,0,0,0,125,58,36,0,0,222,139,0
Minnesota,295,67,3,3,0,0,0,148,61,30,0,0,0,308,57
Minnesota,308,47,10,8,2,0,0,157,60,35,0,2,257,93,13
Minnesota,291,60,0,0,0,0,0,98,61,37,0,0,260,91,0
Minnesota,289,67,6,3,2,1,0,228,63,36,0,0,171,191,0
Minnesota,205,21,1,1,0,0,0,119,49,35,0,0,227,0,0
Minnesota,107,9,0,0,0,0,0,78,41,18,0,0,0,116,0
Minnesota,267,85,5,3,2,0,0,182,70,39,0,0,186,171,0
Mississippi,294,66,0,0,0,0,0,90,54,38,0,0,160,200,0
Mississippi,289,74,1,1,0,0,0,136,58,38,0,0,144,220,0
Mississippi,281,82,0,0,0,0,0,92,55,38,0,0,0,363,0
Mississippi,289,71,0,0,0,0,0,97,55,37,0,0,124,236,0
Mississippi,303,56,0,0,0,0,0,85,53,38,0,0,139,220,0
Mississippi,260,105,0,0,0,0,0,87,59,43,0,0,95,270,0
Mississippi,309,50,0,0,0,0,0,84,52,38,0,0,184,175,0
Mississippi,244,1,0,0,0,0,0,54,42,31,0,0,245,0,0
Mississippi,232,10,0,0,0,0,0,64,46,36,0,0,242,0,0
Mississippi,354,5,0,0,0,0,0,61,44,31,0,0,359,0,0
Missouri,225,20,0,0,0,0,0,90,50,39,0,0,245,0,0
Missouri,233,12,0,0,0,0,0,77,47,37,0,0,245,0,0
Missouri,292,70,3,3,0,0,0,109,55,34,0,0,0,241,124
Missouri,229,16,0,0,0,0,0,80,47,39,0,0,245,0,0
Missouri,310,54,1,1,0,0,0,108,56,37,0,0,201,164,0
Missouri,295,55,0,0,0,0,0,86,54,38,0,0,189,161,0
Missouri,293,53,4,4,0,0,0,129,63,39,0,0,233,117,0
Missouri,221,24,0,0,0,0,0,97,50,38,0,0,245,0,0
Missouri,327,38,0,0,0,0,0,84,51,35,0,0,215,105,45
Missouri,227,133,5,5,0,0,0,147,65,45,0,25,0,258,82
Missouri,298,62,0,0,0,0,0,93,58,38,0,0,218,0,142
Missouri,293,67,5,4,1,0,0,161,58,39,0,0,185,163,17
Missouri,225,19,0,0,0,0,0,93,49,39,0,0,244,0,0
Missouri,359,6,0,0,0,0,0,71,44,32,0,0,363,0,2
Missouri,213,29,2,2,0,0,0,122,51,39,0,0,244,0,0
Missouri,209,34,2,2,0,0,0,119,54,41,0,0,245,0,0
Missouri,300,62,3,3,0,0,0,126,57,39,0,36,201,128,0
Missouri,227,18,0,0,0,0,0,100,48,39,0,0,245,0,0
Missouri,208,150,7,6,1,0,0,187,69,47,0,7,101,232,25
Missouri,99,10,0,0,0,0,0,71,50,23,0,0,0,109,0
Missouri,113,5,0,0,0,0,0,84,42,20,0,0,0,118,0
Montana,316,38,11,9,2,0,0,157,57,20,0,0,0,365,0
Montana,305,45,15,14,1,0,0,155,76,40,0,0,314,50,1
Montana,295,61,9,8,1,0,0,154,64,37,0,0,216,92,57
Montana,286,64,15,14,1,0,0,156,75,31,2,6,0,357,0
Montana,105,9,3,2,1,0,0,152,52,7,0,0,0,117,0
Montana,278,70,17,14,3,0,0,155,74,43,0,0,258,107,0
Montana,190,158,17,11,6,0,0,170,76,49,0,0,0,360,5
Montana,183,152,30,24,6,0,0,159,93,50,0,0,118,247,0
Montana,312,44,5,5,0,0,0,146,62,35,0,0,288,65,8
Montana,251,92,15,11,4,0,0,169,77,41,0,1,237,87,33
Montana,102,12,3,3,0,0,0,133,58,9,0,0,0,117,0
Montana,296,39,23,18,5,0,0,157,73,21,0,0,0,358,0
Montana,290,57,4,4,0,0,0,147,67,38,0,0,299,49,3
Montana,91,9,0,0,0,0,0,99,49,12,0,0,0,100,0
Montana,213,68,13,11,2,0,0,154,78,41,0,0,201,86,7
Montana,282,54,20,8,12,0,0,190,82,32,0,0,0,331,25
Montana,110,10,0,0,0,0,0,97,39,13,0,0,0,120,0
Montana,292,53,20,14,6,0,0,160,77,25,0,0,0,292,73
Montana,255,75,10,9,1,0,0,163,66,30,0,0,0,340,0
Nebraska,345,6,0,0,0,0,0,64,37,19,0,0,0,0,351
Nebraska,281,79,5,5,0,0,0,150,61,38,0,0,231,113,21
Nebraska,107,76,1,1,0,0,0,115,62,47,0,0,0,184,0
Nebraska,313,42,2,2,0,0,0,134,52,26,0,0,0,357,0
Nebraska,317,36,5,5,0,0,0,112,54,37,0,0,358,0,0
Nebraska,257,19,0,0,0,0,0,84,49,35,0,0,217,59,0
Nebraska,281,53,2,2,0,0,0,120,56,31,0,0,0,336,0
Nebraska,315,17,0,0,0,0,0,80,42,15,0,0,0,332,0
Nebraska,112,5,0,0,0,0,0,82,33,15,0,0,0,117,0
Nebraska,95,13,1,1,0,0,0,125,54,28,0,0,0,109,0
Nevada,281,56,28,9,13,6,0,277,82,41,0,0,290,75,0
Nevada,271,81,10,9,1,0,0,159,74,44,0,0,362,0,0
Nevada,119,212,34,31,3,0,0,174,100,59,0,6,243,91,25
Nevada,297,35,33,7,22,4,0,254,89,18,0,0,0,365,0
Nevada,323,38,4,4,0,0,0,136,53,18,0,0,0,23,342
Nevada,196,67,7,7,0,0,0,133,74,41,0,0,270,0,0
Nevada,336,28,1,1,0,0,0,105,44,23,0,0,0,0,365
Nevada,198,132,35,16,16,3,0,291,95,49,0,5,265,91,4
Nevada,281,81,2,2,0,0,0,133,61,44,0,0,359,5,0
New Hampshire,346,18,1,1,0,0,0,110,44,28,0,0,188,177,0
New Hampshire,313,50,1,1,0,0,0,127,54,35,0,0,206,158,0
New Hampshire,325,33,2,2,0,0,0,133,50,42,0,0,357,3,0
New Hampshire,343,21,1,1,0,0,0,106,47,34,0,0,278,87,0
New Hampshire,335,28,2,2,0,0,0,144,49,36,0,0,336,29,0
New Hampshire,200,13,1,1,0,0,0,101,47,36,0,0,214,0,0
New Hampshire,316,45,4,4,0,0,0,147,52,37,0,0,280,84,1
New Jersey,324,38,0,0,0,0,0,95,51,35,0,0,262,100,0
New Jersey,291,65,9,9,0,0,0,147,61,38,0,89,143,133,0
New Jersey,258,103,4,4,0,0,0,120,63,42,0,19,183,162,1
New Jersey,327,35,2,2,0,0,0,112,51,37,0,5,297,62,0
New Jersey,290,72,3,3,0,0,0,125,59,40,0,63,148,154,0
New Jersey,257,38,2,2,0,0,0,101,55,39,0,0,240,57,0
New Jersey,287,75,3,3,0,0,0,126,61,38,0,85,141,139,0
New Jersey,299,65,0,0,0,0,0,97,56,38,0,0,257,107,0
New Jersey,263,95,7,7,0,0,0,130,67,42,0,0,202,163,0
New Jersey,289,70,5,5,0,0,0,129,61,39,0,16,211,137,0
New Jersey,227,24,4,3,1,0,0,154,54,36,0,0,255,0,0
New Jersey,335,28,0,0,0,0,0,97,48,36,0,9,341,13,0
New Jersey,304,49,4,4,0,0,0,126,55,38,0,0,214,143,0
New Jersey,243,18,0,0,0,0,0,80,48,37,0,0,261,0,0
New Jersey,242,122,1,1,0,0,0,139,62,43,0,97,0,268,0
New Jersey,298,59,1,1,0,0,0,136,56,35,0,21,175,162,0
New Mexico,86,258,21,19,2,0,0,166,92,62,0,0,178,62,125
New Mexico,108,4,0,0,0,0,0,87,30,10,0,0,0,112,0
New Mexico,116,5,0,0,0,0,0,71,36,18,0,0,0,121,0
New Mexico,140,194,31,20,8,1,2,665,94,55,0,9,212,23,121
New Mexico,222,117,26,25,1,0,0,166,93,47,0,2,358,5,0
New Mexico,283,79,3,2,1,0,0,151,64,43,0,2,311,52,0
New Mexico,119,1,0,0,0,0,0,52,26,11,0,0,0,120,0
New Mexico,117,1,1,1,0,0,0,109,25,11,0,0,0,119,0
New Mexico,339,20,3,2,0,0,1,466,40,19,0,0,0,0,362
New Mexico,276,86,1,1,0,0,0,143,64,44,0,0,360,3,0
New Mexico,237,120,8,8,0,0,0,126,77,46,0,1,360,0,4
New Mexico,271,83,3,3,0,0,0,119,67,44,0,0,357,0,0
New Mexico,280,82,2,2,0,0,0,113,61,44,0,0,339,25,0
New Mexico,117,1,0,0,0,0,0,56,28,13,0,0,0,118,0
New Mexico,312,10,1,1,0,0,0,108,38,21,0,0,0,323,0
New Mexico,295,59,2,2,0,0,0,136,58,43,0,0,356,0,0
New York,308,55,2,2,0,0,0,118,55,36,0,0,224,141,0
New York,285,72,8,7,1,0,0,154,64,41,0,39,168,158,0
New York,316,44,1,1,0,0,0,105,52,37,0,0,335,26,0
New York,323,17,1,1,0,0,0,129,46,34,0,0,341,0,0
New York,288,76,1,1,0,0,0,101,61,39,0,20,176,169,0
New York,317,47,1,1,0,0,0,101,58,40,0,0,357,8,0
New York,343,15,0,0,0,0,0,100,44,33,0,0,358,0,0
New York,332,19,0,0,0,0,0,97,46,32,0,0,351,0,0
New York,308,56,1,0,1,0,0,153,56,32,0,0,0,365,0
New York,300,65,0,0,0,0,0,100,56,38,0,0,207,158,0
New York,334,25,1,1,0,0,0,118,45,24,0,0,0,360,0
New York,304,54,7,6,1,0,0,154,58,37,0,0,208,157,0
New York,330,26,1,1,0,0,0,108,48,34,0,0,357,0,0
New York,327,19,1,1,0,0,0,107,39,19,0,0,0,347,0
New York,318,46,1,1,0,0,0,113,54,36,0,0,258,107,0
New York,324,39,1,1,0,0,0,149,52,34,0,0,267,97,0
New York,337,23,0,0,0,0,0,97,46,34,0,0,360,0,0
New York,334,18,1,1,0,0,0,112,47,35,0,0,353,0,0
New York,285,71,9,8,1,0,0,153,64,40,0,44,176,145,0
New York,309,49,6,6,0,0,0,149,56,37,0,0,200,164,0
New York,334,27,1,0,1,0,0,154,49,33,0,0,288,74,0
New York,339,15,0,0,0,0,0,93,45,31,0,0,354,0,0
New York,318,46,1,1,0,0,0,124,54,35,0,0,263,102,0
New York,317,37,11,10,1,0,0,154,58,39,0,1,298,66,0
New York,334,25,1,1,0,0,0,105,48,35,0,0,360,0,0
New York,333,21,0,0,0,0,0,100,47,33,0,0,354,0,0
New York,325,34,6,6,0,0,0,143,51,36,0,0,296,69,0
North Carolina,212,33,0,0,0,0,0,80,54,41,0,0,245,0,0
North Carolina,333,31,0,0,0,0,0,74,49,40,0,0,360,4,0
North Carolina,320,45,0,0,0,0,0,78,52,35,0,0,175,190,0
North Carolina,219,24,0,0,0,0,0,77,50,40,0,0,243,0,0
North Carolina,337,15,0,0,0,0,0,97,47,35,0,0,352,0,0
North Carolina,240,10,0,0,0,0,0,80,47,38,0,0,244,0,6
North Carolina,267,77,0,0,0,0,0,93,56,35,0,0,0,344,0
North Carolina,285,79,1,1,0,0,0,107,61,41,0,0,190,175,0
North Carolina,263,80,0,0,0,0,0,97,58,35,0,0,0,343,0
North Carolina,306,59,0,0,0,0,0,90,54,39,0,0,175,190,0
North Carolina,322,41,0,0,0,0,0,90,53,36,0,0,211,152,0
North Carolina,261,101,3,3,0,0,0,124,64,43,0,8,181,176,0
North Carolina,213,32,0,0,0,0,0,90,54,42,0,0,245,0,0
North Carolina,237,5,0,0,0,0,0,67,46,38,0,0,242,0,0
North Carolina,284,81,0,0,0,0,0,100,58,40,0,0,190,172,3
North Carolina,229,54,0,0,0,0,0,93,61,43,0,0,242,41,0
North Carolina,107,0,0,0,0,0,0,50,33,16,0,0,0,107,0
North Carolina,91,9,0,0,0,0,0,70,48,28,0,0,0,100,0
North Carolina,298,67,0,0,0,0,0,97,56,39,0,0,157,208,0
North Carolina,284,22,0,0,0,0,0,97,49,34,0,0,241,0,65
North Carolina,205,38,0,0,0,0,0,97,58,42,0,0,243,0,0
North Carolina,347,12,0,0,0,0,0,67,44,30,0,0,359,0,0
North Carolina,291,5,0,0,0,0,0,74,46,32,0,0,238,0,58
North Carolina,253,110,2,2,0,0,0,128,63,44,0,2,197,166,0
North Carolina,338,18,0,0,0,0,0,79,43,23,0,0,0,356,0
North Carolina,312,52,1,1,0,0,0,103,54,37,0,0,227,138,0
North Carolina,322,38,0,0,0,0,0,93,51,34,0,0,168,192,0
North Carolina,322,41,0,0,0,0,0,93,52,26,0,6,0,357,0
North Carolina,220,25,0,0,0,0,0,90,51,41,0,0,245,0,0
North Carolina,325,35,0,0,0,0,0,80,50,34,0,0,194,166,0
North Carolina,200,39,0,0,0,0,0,90,58,43,0,0,239,0,0
North Carolina,287,77,0,0,0,0,0,87,58,41,0,0,258,106,0
North Carolina,303,50,1,1,0,0,0,147,54,37,0,0,219,135,0
North Carolina,209,34,1,1,0,0,0,101,58,42,0,0,244,0,0
North Carolina,268,97,0,0,0,0,0,96,61,42,0,2,194,169,0
North Carolina,186,54,0,0,0,0,0,90,61,44,0,0,240,0,0
North Dakota,309,50,5,3,2,0,0,159,63,36,0,0,312,52,0
North Dakota,300,56,9,7,2,0,0,174,64,36,0,0,271,89,5
North Dakota,292,56,17,12,5,0,0,174,67,35,0,8,186,162,9
North Dakota,278,68,17,8,9,0,0,192,72,37,0,5,198,160,0
North Dakota,299,56,10,7,3,0,0,175,67,37,0,0,289,74,2
North Dakota,297,51,8,6,2,0,0,175,68,34,0,0,274,79,3
North Dakota,293,63,9,5,4,0,0,168,64,35,0,2,272,91,0
North Dakota,278,72,15,9,6,0,0,166,71,38,0,0,258,107,0
North Dakota,303,43,14,10,4,0,0,167,63,34,0,1,236,123,0
Ohio,303,62,0,0,0,0,0,87,56,39,0,0,212,153,0
Ohio,213,28,2,2,0,0,0,112,58,38,0,0,243,0,0
Ohio,105,8,0,0,0,0,0,74,48,20,0,0,0,113,0
Ohio,339,24,0,0,0,0,0,74,43,14,0,249,0,103,11
Ohio,196,164,5,5,0,0,0,116,74,49,0,0,122,225,18
Ohio,244,121,0,0,0,0,0,100,65,43,0,0,133,232,0
Ohio,314,50,0,0,0,0,0,97,53,38,0,0,205,159,0
Ohio,209,31,0,0,0,0,0,84,54,39,0,0,240,0,0
Ohio,61,0,0,0,0,0,0,35,24,16,0,0,0,0,61
Ohio,179,182,4,4,0,0,0,115,77,51,0,5,120,233,7
Ohio,222,18,0,0,0,0,0,77,49,38,0,0,240,0,0
Ohio,339,21,0,0,0,0,0,90,48,36,0,0,360,0,0
Ohio,260,105,0,0,0,0,0,100,66,43,0,10,154,201,0
Ohio,176,40,0,0,0,0,0,97,71,41,0,0,216,0,0
Ohio,221,23,0,0,0,0,0,97,50,39,0,0,244,0,0
Ohio,189,171,5,5,0,0,0,140,76,49,0,16,116,233,0
Ohio,222,10,0,0,0,0,0,63,31,5,175,0,0,53,4
Ohio,199,156,3,2,1,0,0,155,71,47,0,0,89,269,0
Ohio,225,20,0,0,0,0,0,97,49,38,0,0,245,0,0
Ohio,295,63,7,7,0,0,0,122,64,38,0,0,202,162,1
Ohio,283,82,0,0,0,0,0,99,60,39,0,0,140,225,0
Ohio,227,18,0,0,0,0,0,87,49,38,0,0,245,0,0
Ohio,250,54,0,0,0,0,0,90,55,37,0,0,186,118,0
Ohio,277,82,5,5,0,0,0,122,67,40,0,0,177,187,0
Ohio,212,17,0,0,0,0,0,84,50,39,0,0,229,0,0
Ohio,284,80,1,1,0,0,0,110,61,40,0,0,153,212,0
Ohio,295,68,0,0,0,0,0,93,59,39,0,0,204,159,0
Ohio,215,30,0,0,0,0,0,87,54,40,0,0,245,0,0
Ohio,224,132,1,1,0,0,0,101,67,45,0,0,142,215,0
Ohio,315,36,0,0,0,0,0,84,51,36,0,0,333,18,0
Ohio,221,41,1,1,0,0,0,108,58,39,0,0,229,34,0
Ohio,268,97,0,0,0,0,0,97,62,40,0,0,188,177,0
Ohio,348,17,0,0,0,0,0,85,36,15,0,0,0,119,246
Ohio,239,123,3,3,0,0,0,127,72,44,0,0,150,215,0
Ohio,266,87,3,3,0,0,0,105,65,40,0,0,178,178,0
Ohio,284,76,3,3,0,0,0,147,64,39,0,0,183,180,0
Ohio,285,73,2,2,0,0,0,119,61,40,0,0,193,167,0
Ohio,222,23,0,0,0,0,0,87,50,39,0,0,245,0,0
Ohio,216,29,0,0,0,0,0,90,51,39,0,0,245,0,0
Oklahoma,323,41,1,1,0,0,0,117,53,38,0,0,267,95,3
Oklahoma,292,38,3,3,0,0,0,126,54,37,0,0,333,0,0
Oklahoma,261,54,1,1,0,0,0,118,56,34,0,0,0,316,0
Oklahoma,219,140,3,3,0,0,0,129,65,46,0,0,150,212,0
Oklahoma,277,85,2,2,0,0,0,124,58,42,0,0,226,138,0
Oklahoma,305,37,1,1,0,0,0,126,51,37,0,0,343,0,0
Oklahoma,304,60,1,1,0,0,0,116,57,40,0,0,260,105,0
Oklahoma,101,6,0,0,0,0,0,62,41,23,0,0,0,107,0
Oklahoma,236,109,9,8,1,0,0,163,68,40,0,0,0,354,0
Oklahoma,221,62,0,0,0,0,0,100,67,43,0,0,283,0,0
Oklahoma,229,48,9,9,0,0,0,136,67,42,0,0,286,0,0
Oklahoma,228,20,0,0,0,0,0,100,49,37,0,0,248,0,0
Oklahoma,168,39,1,1,0,0,0,101,61,40,0,0,208,0,0
Oklahoma,201,158,6,6,0,0,0,140,71,48,0,14,155,192,4
Oklahoma,278,49,0,0,0,0,0,100,58,39,0,0,327,0,0
Oklahoma,152,196,17,14,3,0,0,164,86,54,0,0,41,316,8
Oklahoma,254,102,4,4,0,0,0,117,63,43,0,0,172,188,0
Oklahoma,311,52,2,2,0,0,0,122,54,36,0,10,178,177,0
Oklahoma,228,127,10,8,2,0,0,163,74,45,0,0,179,182,4
Oklahoma,243,95,7,7,0,0,0,139,64,43,0,0,200,145,0
Oregon,312,47,5,1,4,0,0,154,55,22,0,0,0,364,0
Oregon,356,9,0,0,0,0,0,64,34,17,0,0,0,365,0
Oregon,328,25,1,0,1,0,0,161,46,28,0,0,142,212,0
Oregon,336,9,0,0,0,0,0,62,40,26,0,0,135,210,0
Oregon,309,47,9,6,3,0,0,180,57,21,0,0,0,365,0
Oregon,317,28,20,10,8,1,1,327,56,19,0,0,0,365,0
Oregon,339,21,5,3,2,0,0,177,44,22,0,0,0,365,0
Oregon,237,118,10,5,5,0,0,169,71,38,0,0,0,365,0
Oregon,251,105,9,5,4,0,0,176,67,36,0,0,0,365,0
Oregon,250,80,35,6,24,5,0,241,99,42,0,0,96,269,0
Oregon,316,43,6,4,2,0,0,167,56,21,0,0,0,365,0
Oregon,283,63,19,10,9,0,0,178,71,27,0,0,0,365,0
Oregon,195,120,50,19,29,2,0,212,134,45,0,0,0,365,0
Oregon,278,64,23,17,6,0,0,178,84,21,0,0,0,365,0
Oregon,268,77,20,6,13,1,0,205,74,38,0,0,95,264,6
Oregon,313,51,1,1,0,0,0,136,56,25,0,0,0,365,0
Oregon,316,47,0,0,0,0,0,93,55,33,0,0,144,219,0
Oregon,325,39,1,1,0,0,0,105,52,33,0,2,239,124,0
Oregon,300,57,8,6,2,0,0,164,59,35,0,0,126,239,0
Oregon,318,35,7,5,2,0,0,165,55,20,0,0,0,355,5
Oregon,313,42,10,6,4,0,0,159,59,20,0,0,0,365,0
Oregon,305,12,2,1,1,0,0,160,39,17,0,0,0,319,0
Oregon,321,44,0,0,0,0,0,100,52,32,0,10,203,152,0
Pennsylvania,263,98,3,3,0,0,0,129,65,42,0,0,225,139,0
Pennsylvania,180,178,7,6,1,0,0,153,84,51,0,0,126,238,1
Pennsylvania,254,95,1,1,0,0,0,108,67,42,0,0,188,162,0
Pennsylvania,247,115,3,3,0,0,0,125,64,44,0,5,152,208,0
Pennsylvania,264,96,5,5,0,0,0,133,68,42,0,0,199,166,0
Pennsylvania,264,70,2,2,0,0,0,120,59,38,0,0,120,216,0
Pennsylvania,302,53,1,1,0,0,0,116,56,37,0,1,165,190,0
Pennsylvania,239,34,10,10,0,0,0,143,64,37,0,0,283,0,0
Pennsylvania,244,108,1,1,0,0,0,130,61,42,3,1,134,215,0
Pennsylvania,298,66,1,1,0,0,0,114,60,39,0,0,239,126,0
Pennsylvania,278,67,2,2,0,0,0,138,58,39,0,0,157,190,0
Pennsylvania,274,3,0,0,0,0,0,54,44,33,0,0,277,0,0
Pennsylvania,278,86,1,1,0,0,0,114,59,35,0,0,0,365,0
Pennsylvania,241,116,2,2,0,0,0,127,68,42,0,0,131,228,0
Pennsylvania,261,101,3,3,0,0,0,142,64,42,0,10,161,194,0
Pennsylvania,340,18,0,0,0,0,0,87,46,34,0,0,358,0,0
Pennsylvania,290,39,0,0,0,0,0,91,52,35,2,28,178,112,9
Pennsylvania,294,59,1,1,0,0,0,113,55,37,0,0,151,203,0
Pennsylvania,274,14,0,0,0,0,0,77,47,35,0,0,288,0,0
Pennsylvania,276,63,1,1,0,0,0,113,59,37,0,0,166,174,0
Pennsylvania,280,66,2,2,0,0,0,122,60,39,0,0,166,182,0
Pennsylvania,299,53,1,1,0,0,0,137,56,36,2,38,188,125,0
Pennsylvania,186,171,8,7,1,0,0,155,80,50,0,0,101,261,3
Pennsylvania,259,19,0,0,0,0,0,87,47,31,0,0,278,0,0
Pennsylvania,269,94,2,2,0,0,0,117,66,41,0,0,150,215,0
Pennsylvania,264,88,1,0,1,0,0,153,61,39,0,0,141,204,8
Pennsylvania,270,17,0,0,0,0,0,90,48,34,0,0,257,0,30
Pennsylvania,294,59,1,1,0,0,0,111,57,38,0,0,164,190,0
Pennsylvania,309,53,1,1,0,0,0,112,59,37,0,0,288,75,0
Pennsylvania,214,19,0,0,0,0,0,84,49,35,0,0,233,0,0
Pennsylvania,268,82,6,6,0,0,0,150,64,41,0,0,167,189,0
Pennsylvania,276,85,4,4,0,0,0,148,65,40,0,11,184,170,0
Pennsylvania,213,141,11,9,2,0,0,152,76,47,0,21,145,199,0
Pennsylvania,339,24,0,0,0,0,0,90,47,34,0,0,363,0,0
Pennsylvania,300,32,2,2,0,0,0,133,51,26,0,0,0,334,0
Pennsylvania,308,41,1,1,0,0,0,131,54,36,0,0,229,121,0
Pennsylvania,253,111,1,1,0,0,0,123,64,42,0,2,163,200,0
Pennsylvania,276,77,1,1,0,0,0,124,59,35,0,0,74,280,0
Pennsylvania,306,29,1,1,0,0,0,127,49,26,0,0,0,336,0
Pennsylvania,244,111,2,2,0,0,0,148,67,43,0,7,165,185,0
Puerto Rico,7,0,0,0,0,0,0,17,17,10,0,0,0,7,0
Puerto Rico,332,15,0,0,0,0,0,74,33,10,168,0,82,97,0
Puerto Rico,187,10,0,0,0,0,0,72,36,14,106,19,0,72,0
Puerto Rico,176,111,13,12,1,0,0,151,77,40,0,0,12,179,109
Puerto Rico,100,14,0,0,0,0,0,79,53,22,0,0,0,100,14
Puerto Rico,45,9,0,0,0,0,0,74,60,21,0,0,0,52,2
Puerto Rico,102,17,0,0,0,0,0,75,60,26,0,0,0,101,18
Puerto Rico,271,61,2,2,0,0,0,142,57,30,0,0,139,195,0
Puerto Rico,183,30,4,0,1,2,1,380,60,27,13,0,0,48,156
Puerto Rico,41,0,0,0,0,0,0,10,9,7,41,0,0,0,0
Rhode Island,327,28,3,3,0,0,0,140,48,31,0,0,184,174,0
Rhode Island,285,76,4,4,0,0,0,136,58,39,0,14,194,157,0
Rhode Island,325,31,2,2,0,0,0,143,50,34,0,0,200,158,0
South Carolina,259,23,0,0,0,0,0,84,49,36,0,0,282,0,0
South Carolina,240,23,0,0,0,0,0,87,50,38,0,0,263,0,0
South Carolina,250,8,0,0,0,0,0,80,47,34,0,0,258,0,0
South Carolina,292,73,0,0,0,0,0,93,58,40,0,0,127,238,0
South Carolina,308,50,0,0,0,0,0,79,54,36,0,0,198,160,0
South Carolina,257,18,0,0,0,0,0,74,48,35,0,0,275,0,0
South Carolina,300,54,0,0,0,0,0,87,54,35,0,0,228,126,0
South Carolina,293,44,0,0,0,0,0,85,53,30,0,0,0,337,0
South Carolina,244,120,1,1,0,0,0,101,67,45,0,4,185,176,0
South Carolina,238,26,0,0,0,0,0,90,50,38,0,0,264,0,0
South Carolina,276,81,1,1,0,0,0,102,58,35,0,0,0,342,16
South Carolina,308,56,1,1,0,0,0,101,55,38,0,2,271,92,0
South Carolina,263,90,1,1,0,0,0,119,61,41,0,0,184,170,0
South Carolina,303,57,0,0,0,0,0,97,58,40,0,0,229,131,0
South Dakota,280,77,8,6,1,1,0,212,67,38,0,0,251,77,37
South Dakota,313,40,3,0,3,0,0,191,55,22,0,0,0,166,190
South Dakota,266,93,6,3,2,1,0,247,67,37,0,0,210,113,42
South Dakota,305,56,3,2,1,0,0,191,58,39,0,0,320,41,3
South Dakota,334,13,2,1,0,1,0,244,35,9,0,0,0,349,0
South Dakota,330,33,2,0,1,1,0,208,48,33,0,1,257,97,10
South Dakota,308,50,7,7,0,0,0,115,64,38,0,0,346,0,19
South Dakota,285,59,5,3,2,0,0,182,61,36,0,16,230,78,25
South Dakota,260,98,7,5,2,0,0,188,71,33,0,21,0,133,211
South Dakota,208,61,4,2,2,0,0,163,60,42,0,0,201,69,3
Tennessee,219,16,0,0,0,0,0,87,49,38,0,0,235,0,0
Tennessee,303,60,2,2,0,0,0,107,58,41,0,0,283,82,0
Tennessee,339,18,0,0,0,0,0,71,46,34,0,0,357,0,0
Tennessee,237,124,4,4,0,0,0,116,66,44,0,21,106,238,0
Tennessee,349,14,0,0,0,0,0,84,46,35,0,0,363,0,0
Tennessee,295,54,1,1,0,0,0,105,54,29,0,0,0,350,0
Tennessee,258,92,1,1,0,0,0,101,60,42,0,0,166,185,0
Tennessee,199,36,0,0,0,0,0,100,58,41,0,0,235,0,0
Tennessee,239,121,5,5,0,0,0,150,66,44,0,0,103,262,0
Tennessee,319,38,0,0,0,0,0,97,51,26,0,0,0,357,0
Tennessee,316,49,0,0,0,0,0,90,54,38,0,0,186,179,0
Tennessee,298,57,1,1,0,0,0,106,55,28,0,0,0,356,0
Tennessee,301,47,1,1,0,0,0,109,55,26,0,0,0,349,0
Tennessee,312,48,0,0,0,0,0,89,54,28,0,0,0,360,0
Tennessee,317,41,1,1,0,0,0,138,54,25,0,0,0,359,0
Tennessee,314,42,0,0,0,0,0,90,53,27,0,0,0,356,0
Tennessee,321,36,0,0,0,0,0,88,51,28,0,0,0,357,0
Tennessee,310,53,0,0,0,0,0,93,54,42,0,0,363,0,0
Tennessee,266,95,4,4,0,0,0,150,64,42,0,1,206,158,0
Tennessee,301,64,0,0,0,0,0,100,58,36,0,0,201,164,0
Tennessee,286,69,2,2,0,0,0,133,58,38,0,0,177,180,0
Tennessee,225,18,0,0,0,0,0,67,50,39,0,0,243,0,0
Tennessee,221,22,0,0,0,0,0,74,48,37,0,0,243,0,0
Texas,287,69,0,0,0,0,0,86,58,33,0,0,0,356,0
Texas,274,88,3,3,0,0,0,122,67,42,0,0,274,91,0
Texas,202,151,12,12,0,0,0,147,77,48,0,1,167,195,2
Texas,263,93,1,1,0,0,0,106,60,40,0,0,0,357,0
Texas,331,22,12,11,1,0,0,159,50,34,0,10,355,0,0
Texas,312,44,0,0,0,0,0,84,53,30,0,0,0,356,0
Texas,310,45,1,1,0,0,0,105,54,41,0,0,306,50,0
Texas,235,130,0,0,0,0,0,99,67,43,0,0,114,251,0
Texas,294,55,8,7,1,0,0,154,64,37,0,0,357,0,0
Texas,170,47,4,4,0,0,0,126,64,43,0,0,148,73,0
Texas,267,88,10,9,1,0,0,174,70,42,0,18,233,112,2
Texas,253,91,21,18,3,0,0,179,77,43,0,1,287,77,0
Texas,316,33,0,0,0,0,0,89,50,26,0,0,0,349,0
Texas,141,205,19,19,0,0,0,150,82,54,0,21,194,131,19
Texas,302,60,1,1,0,0,0,105,57,39,0,6,260,97,0
Texas,293,65,3,3,0,0,0,122,59,39,0,2,233,123,3
Texas,336,29,0,0,0,0,0,93,48,33,0,7,358,0,0
Texas,150,190,25,18,7,0,0,179,88,54,0,10,107,226,22
Texas,286,72,4,3,1,0,0,158,60,39,0,0,173,189,0
Texas,233,128,2,2,0,0,0,108,71,44,0,0,147,216,0
Texas,331,25,1,1,0,0,0,122,49,35,0,0,357,0,0
Texas,343,19,0,0,0,0,0,93,46,33,0,5,357,0,0
Texas,295,67,3,3,0,0,0,115,58,39,0,1,225,139,0
Texas,311,46,6,6,0,0,0,136,61,37,0,0,363,0,0
Texas,364,0,0,0,0,0,0,26,16,6,0,364,0,0,0
Texas,318,47,0,0,0,0,0,84,52,36,0,5,234,126,0
Texas,247,100,1,1,0,0,0,109,64,36,0,0,0,348,0
Texas,322,25,0,0,0,0,0,83,48,23,0,0,0,347,0
Texas,285,68,0,0,0,0,0,87,56,28,0,0,0,353,0
Texas,312,52,0,0,0,0,0,100,54,37,2,0,281,81,0
Texas,265,91,3,2,1,0,0,151,63,41,0,0,212,147,0
Texas,304,61,0,0,0,0,0,100,56,39,0,1,255,109,0
Texas,268,94,2,2,0,0,0,113,64,42,0,0,188,175,1
Texas,318,46,0,0,0,0,0,80,52,35,0,3,194,167,0
Texas,312,41,1,1,0,0,0,136,54,36,0,0,354,0,0
Texas,349,4,0,0,0,0,0,61,43,30,0,0,353,0,0
Texas,333,21,0,0,0,0,0,81,44,23,0,0,0,354,0
Texas,293,64,3,3,0,0,0,119,64,42,0,0,360,0,0
Texas,343,17,0,0,0,0,0,87,45,31,0,0,360,0,0
Texas,333,28,0,0,0,0,0,100,48,35,0,8,353,0,0
Texas,233,118,14,12,1,1,0,209,77,46,0,14,214,137,0
Texas,249,115,1,1,0,0,0,101,64,43,0,6,185,170,4
Texas,347,17,0,0,0,0,0,97,46,32,0,0,364,0,0
Texas,262,103,0,0,0,0,0,97,66,39,0,0,99,260,6
Texas,363,0,0,0,0,0,0,27,16,7,0,363,0,0,0
Utah,281,78,4,4,0,0,0,119,67,42,0,2,361,0,0
Utah,238,117,10,10,0,0,0,129,79,44,0,0,259,91,15
Utah,270,83,12,10,2,0,0,154,74,44,0,0,338,27,0
Utah,225,114,26,25,1,0,0,156,91,44,0,28,263,73,1
Utah,231,126,8,7,1,0,0,154,77,47,0,0,320,45,0
Utah,274,86,2,2,0,0,0,115,64,45,0,0,359,3,0
Utah,300,61,4,3,1,0,0,169,60,40,0,18,306,41,0
Utah,174,144,47,38,9,0,0,177,108,52,0,29,235,87,14
Utah,276,86,2,2,0,0,0,115,67,44,0,0,361,3,0
Utah,254,95,16,14,2,0,0,156,77,40,0,1,278,86,0
Utah,222,135,8,7,1,0,0,156,84,48,0,0,337,28,0
Utah,219,129,17,17,0,0,0,144,85,46,0,12,288,60,5
Utah,263,99,3,2,1,0,0,161,64,45,0,0,354,11,0
Utah,114,6,0,0,0,0,0,82,29,8,0,0,0,120,0
Utah,243,104,17,17,0,0,0,140,81,44,2,18,248,84,12
Vermont,332,32,1,1,0,0,0,115,48,34,0,0,283,82,0
Vermont,327,37,1,1,0,0,0,129,51,37,0,1,248,116,0
Vermont,309,55,1,1,0,0,0,114,55,35,0,0,214,151,0
Vermont,118,0,0,0,0,0,0,49,22,8,0,0,0,118,0
Virgin Islands,52,3,0,0,0,0,0,73,41,21,0,0,0,55,0
Virgin Islands,100,9,0,0,0,0,0,66,46,16,0,0,0,109,0
Virginia,310,50,0,0,0,0,0,97,55,37,0,0,178,182,0
Virginia,15,0,0,0,0,0,0,9,7,6,0,0,0,0,15
Virginia,324,38,3,3,0,0,0,115,51,37,0,40,283,42,0
Virginia,104,12,0,0,0,0,0,88,51,27,0,0,0,116,0
Virginia,210,16,2,2,0,0,0,108,49,35,0,0,228,0,0
Virginia,60,0,0,0,0,0,0,33,16,9,0,0,0,0,60
Virginia,346,19,0,0,0,0,0,94,47,33,0,88,218,59,0
Virginia,261,21,1,1,0,0,0,101,48,36,0,0,220,63,0
Virginia,280,81,4,4,0,0,0,129,60,41,0,23,173,169,0
Virginia,226,11,0,0,0,0,0,77,45,34,0,0,237,0,0
Virginia,282,80,0,0,0,0,0,98,57,38,0,0,157,205,0
Virginia,331,27,0,0,0,0,0,74,49,38,0,0,358,0,0
Virginia,321,44,0,0,0,0,0,94,52,38,1,3,182,179,0
Virginia,228,17,0,0,0,0,0,87,49,38,0,0,245,0,0
Virginia,284,78,1,1,0,0,0,112,57,40,1,1,194,167,0
Virginia,53,0,0,0,0,0,0,31,12,7,0,0,0,0,53
Virginia,324,39,1,1,0,0,0,122,51,36,0,10,319,35,0
Virginia,110,9,0,0,0,0,0,91,46,24,0,0,0,119,0
Virginia,328,37,0,0,0,0,0,88,51,39,0,0,343,22,0
Virginia,351,11,0,0,0,0,0,84,35,18,7,273,0,82,0
Virginia,335,0,0,0,0,0,0,21,7,3,0,335,0,0,0
Virginia,343,13,0,0,0,0,0,80,45,33,0,0,356,0,0
Virginia,333,25,1,1,0,0,0,119,49,35,0,10,349,0,0
Virginia,311,51,1,1,0,0,0,101,52,33,2,105,0,256,0
Virginia,302,62,1,1,0,0,0,106,57,39,1,9,162,193,0
Virginia,272,11,0,0,0,0,0,64,46,34,0,0,229,54,0
Virginia,328,35,0,0,0,0,0,87,50,34,0,97,223,43,0
Virginia,112,8,0,0,0,0,0,90,47,26,0,0,0,120,0
Virginia,337,20,1,1,0,0,0,115,47,35,0,0,357,0,1
Virginia,228,17,0,0,0,0,0,90,49,37,0,0,245,0,0
Virginia,98,7,0,0,0,0,0,80,48,26,0,0,0,105,0
Virginia,228,14,0,0,0,0,0,71,49,39,0,0,242,0,0
Washington,340,17,7,3,4,0,0,180,34,14,0,0,0,364,0
Washington,225,91,19,14,4,1,0,208,81,36,0,0,0,335,0
Washington,300,56,9,6,3,0,0,172,61,35,0,0,129,155,81
Washington,324,36,5,2,3,0,0,184,52,23,0,0,0,365,0
Washington,347,18,0,0,0,0,0,78,44,34,0,0,270,95,0
Washington,331,34,0,0,0,0,0,98,50,30,0,0,154,211,0
Washington,324,33,8,3,5,0,0,166,52,37,0,0,293,72,0
Washington,360,5,0,0,0,0,0,59,29,15,0,0,0,365,0
Washington,308,12,0,0,0,0,0,82,34,16,0,0,0,320,0
Washington,295,33,6,1,5,0,0,199,58,15,0,0,0,334,0
Washington,337,22,6,1,5,0,0,188,44,19,0,0,0,365,0
Washington,359,6,0,0,0,0,0,80,32,20,0,0,0,365,0
Washington,355,3,0,0,0,0,0,76,24,15,0,0,0,358,0
Washington,311,49,5,3,2,0,0,177,55,37,0,40,175,150,0
Washington,353,5,1,1,0,0,0,113,33,20,0,0,0,359,0
Washington,336,24,5,3,2,0,0,167,46,21,0,0,0,365,0
Washington,111,8,0,0,0,0,0,73,43,16,0,0,0,119,0
Washington,342,8,0,0,0,0,0,68,35,18,0,0,0,350,0
Washington,354,7,0,0,0,0,0,67,32,17,0,0,0,361,0
Washington,211,128,26,5,11,9,1,302,84,44,0,0,0,365,0
Washington,313,38,9,3,6,0,0,184,54,26,0,0,0,360,0
Washington,308,57,0,0,0,0,0,93,55,40,0,9,257,99,0
Washington,309,4,1,1,0,0,0,101,36,23,0,0,97,217,0
Washington,301,61,3,3,0,0,0,137,58,26,0,0,0,365,0
Washington,284,72,9,3,6,0,0,183,65,40,0,0,135,222,8
Washington,265,84,16,6,10,0,0,198,71,35,0,0,0,312,53
Washington,324,5,0,0,0,0,0,58,31,15,0,0,0,329,0
Washington,324,36,5,3,2,0,0,166,54,23,0,0,0,168,197
Washington,326,4,2,2,0,0,0,129,39,27,0,0,164,168,0
Washington,325,30,10,5,5,0,0,196,52,16,0,0,0,365,0
Washington,232,106,27,12,15,0,0,192,89,40,0,0,0,359,6
West Virginia,230,43,0,0,0,0,0,93,56,38,0,0,207,66,0
West Virginia,325,37,0,0,0,0,0,81,51,20,0,0,0,122,240
West Virginia,252,31,0,0,0,0,0,86,51,36,0,0,218,65,0
West Virginia,350,8,0,0,0,0,0,74,42,31,0,0,358,0,0
West Virginia,223,8,0,0,0,0,0,64,46,37,0,0,231,0,0
West Virginia,309,55,0,0,0,0,0,93,60,36,0,0,210,65,89
West Virginia,102,13,0,0,0,0,0,65,52,26,0,0,0,115,0
West Virginia,298,67,0,0,0,0,0,97,60,38,0,0,209,156,0
West Virginia,78,13,0,0,0,0,0,80,53,30,0,0,0,91,0
West Virginia,208,144,1,1,0,0,0,121,70,43,0,0,0,353,0
West Virginia,241,41,0,0,0,0,0,80,53,38,0,0,221,61,0
West Virginia,247,38,0,0,0,0,0,77,55,38,0,0,217,68,0
West Virginia,342,21,0,0,0,0,0,84,46,34,0,0,355,8,0
West Virginia,244,27,0,0,0,0,0,73,50,36,0,0,203,68,0
Wisconsin,317,44,4,3,1,0,0,157,54,35,0,0,274,91,0
Wisconsin,279,83,3,3,0,0,0,125,63,38,0,0,158,207,0
Wisconsin,181,27,0,0,0,0,0,100,54,40,0,0,208,0,0
Wisconsin,249,115,1,1,0,0,0,101,64,42,0,0,140,225,0
Wisconsin,261,104,0,0,0,0,0,99,67,41,0,0,233,132,0
Wisconsin,173,30,3,3,0,0,0,126,61,39,0,0,206,0,0
Wisconsin,269,88,5,4,1,0,0,153,66,39,0,0,142,219,1
Wisconsin,178,30,0,0,0,0,0,90,54,39,0,0,208,0,0
Wisconsin,310,47,4,3,1,0,0,161,55,37,0,0,270,91,0
Wisconsin,274,81,0,0,0,0,0,95,60,35,0,0,0,355,0
Wisconsin,212,25,0,0,0,0,0,97,51,23,0,0,0,237,0
Wisconsin,178,29,1,1,0,0,0,101,61,40,0,0,208,0,0
Wisconsin,230,103,11,11,0,0,0,136,73,42,0,0,214,130,0
Wisconsin,170,35,2,2,0,0,0,108,61,40,0,0,207,0,0
Wisconsin,288,76,1,1,0,0,0,110,60,37,0,0,152,213,0
Wisconsin,174,30,3,3,0,0,0,119,64,39,0,0,207,0,0
Wisconsin,191,9,0,0,0,0,0,87,49,36,0,0,200,0,0
Wisconsin,227,131,7,7,0,0,0,129,71,45,0,7,187,162,9
Wisconsin,239,26,0,0,0,0,0,94,50,24,0,0,0,265,0
Wisconsin,267,93,3,3,0,0,0,139,62,38,0,0,143,220,0
Wisconsin,275,82,7,7,0,0,0,129,64,38,0,0,183,181,0
Wisconsin,149,53,8,8,0,0,0,126,80,43,0,0,210,0,0
Wisconsin,173,32,0,0,0,0,0,100,61,41,0,0,205,0,0
Wisconsin,281,84,0,0,0,0,0,95,60,38,0,0,148,215,2
Wisconsin,164,39,5,5,0,0,0,126,74,41,0,0,208,0,0
Wisconsin,300,60,4,2,2,0,0,152,59,36,0,0,257,107,0
Wisconsin,320,40,3,3,0,0,0,148,52,31,0,0,179,184,0
Wisconsin,184,36,1,1,0,0,0,101,61,41,0,0,221,0,0
Wisconsin,247,114,4,4,0,0,0,108,67,43,0,0,142,222,1
Wyoming,197,154,14,13,0,0,1,314,84,49,0,3,285,9,68
Wyoming,324,39,1,1,0,0,0,101,51,39,0,0,364,0,0
Wyoming,222,127,16,16,0,0,0,143,87,44,0,0,192,18,155
Wyoming,348,0,0,0,0,0,0,37,20,10,0,348,0,0,0
Wyoming,274,87,4,4,0,0,0,119,70,42,0,0,310,0,55
Wyoming,253,104,8,8,0,0,0,141,77,45,0,0,325,37,3
Wyoming,304,54,7,7,0,0,0,126,64,40,0,2,358,0,5
Wyoming,265,88,11,11,0,0,0,126,77,43,2,3,333,25,1
Wyoming,300,59,6,6,0,0,0,126,67,30,0,5,131,23,206
Wyoming,286,73,6,6,0,0,0,125,71,42,0,2,347,16,0
Wyoming,133,19,0,0,0,0,0,98,56,11,0,0,0,142,10
Wyoming,324,28,10,2,3,1,4,664,51,16,0,0,0,0,362
Wyoming,308,49,7,7,0,0,0,115,67,39,0,0,316,26,22
Wyoming,255,103,7,7,0,0,0,133,77,46,0,0,351,14,0
Wyoming,243,112,10,9,1,0,0,195,81,45,0,2,295,13,55
Wyoming,283,72,10,10,0,0,0,131,71,44,0,0,329,34,2
Wyoming,361,3,0,0,0,0,0,60,25,7,0,0,0,0,364
Wyoming,282,61,0,0,0,0,0,100,64,41,0,0,343,0,0
